job,company,ssn,residence,current_location,blood_group,website,username,name,sex,address,mail,birthdate
Company secretary,"Williams, Goodwin and Martin",328-71-6682,"Unit 1538 Box 6973
DPO AE 13151","(Decimal('38.407192'), Decimal('-49.718055'))",B+,['http://walsh.com/'],brian83,Alexa Walker,F,"34908 Mike Tunnel
New Lisafurt, MD 17092",jonesdouglas@yahoo.com,1993-10-14
Hospital pharmacist,Kane and Sons,531-64-8293,"360 Baker Cove
Christophermouth, MS 62091","(Decimal('69.201301'), Decimal('74.427849'))",A-,"['http://www.villegas-lara.org/', 'http://gonzalez-miller.com/', 'https://www.shea-nguyen.org/']",hendersonrussell,Kelsey Nunez,F,"091 Michael Keys Suite 629
Lake Shawnhaven, UT 65496",sergio09@yahoo.com,1914-12-19
Web designer,Simpson Inc,852-20-1965,"5728 Sandra Drive Suite 544
Carolynbury, OH 49351","(Decimal('50.600990'), Decimal('-103.067954'))",B-,"['https://ruiz-payne.com/', 'http://www.evans.com/']",madkins,Desiree Garcia,F,"24635 Johnson Track Suite 995
West Lesliebury, OR 81065",johngalvan@hotmail.com,1977-06-19
Clinical research associate,Kelly-Taylor,206-37-8586,"3650 Amanda Cliff Suite 304
North Jasonfort, SD 02460","(Decimal('72.2509075'), Decimal('-160.623765'))",B-,"['https://www.parker.net/', 'http://roberts-hudson.net/', 'https://www.hopkins.com/', 'http://www.campbell.com/']",sarah91,Jordan Warren,F,"86797 Joshua Point
Davidfurt, VA 45407",christian64@gmail.com,1969-11-18
Physiological scientist,Stein Ltd,870-60-3241,"58157 Chris Crossroad Suite 779
Abigailbury, DE 13980","(Decimal('-38.901015'), Decimal('50.000760'))",B+,['http://mcdaniel.com/'],robert02,Allison Torres,F,"17154 Mcdowell Light
New Tammyport, IN 55476",susan69@gmail.com,1988-10-31
Chartered public finance accountant,Watkins-Mueller,107-73-6857,"675 Shaw Lakes Apt. 514
North Kimberlyland, ND 10843","(Decimal('81.346687'), Decimal('24.035663'))",O-,"['https://butler-graham.net/', 'https://lutz-clark.com/']",matthew77,William Smith,M,"438 Whitney Plain
Christianfort, VA 90627",nthomas@yahoo.com,1979-08-07
Dramatherapist,Powell Ltd,498-75-3527,"140 Rios Mills Suite 802
North Tyler, IA 88968","(Decimal('-65.828933'), Decimal('130.358097'))",O+,['https://skinner.com/'],daniel44,Ms. Erin Nguyen,F,"5361 Emily Circles Suite 903
Port Cory, AR 65048",derek39@hotmail.com,1953-03-28
Music tutor,Boone-Fowler,823-85-9416,"4988 Mercer Ramp Apt. 667
West Adam, VA 95936","(Decimal('21.6537555'), Decimal('51.414042'))",O-,"['https://www.walker.com/', 'https://www.mays.com/']",margareteverett,Omar Holmes,M,"024 Jonathan Forge
East Kimberly, AZ 46666",qsullivan@gmail.com,1974-10-13
Clinical molecular geneticist,"Smith, Williams and Arnold",536-68-5195,"55645 Jennifer Trace
Adamborough, OH 54250","(Decimal('46.166372'), Decimal('-124.886046'))",AB+,"['https://www.becker.com/', 'https://dixon.com/', 'http://murphy.com/']",ldavis,James Ryan,M,"7718 Francis Tunnel Suite 700
Craneton, NH 55385",charleskane@yahoo.com,1969-04-02
"Clinical scientist, histocompatibility and immunogenetics",Harvey-Henry,697-50-2801,"671 Dixon Park
Jessicaview, DC 62103","(Decimal('-21.730206'), Decimal('120.606258'))",AB-,"['https://www.soto.com/', 'http://www.miller-pugh.org/', 'https://beasley-burns.com/']",rmartinez,Theresa Huffman,F,"971 Cruz Trail Apt. 219
East Jerry, OH 04955",ruth42@yahoo.com,1917-05-26
Commissioning editor,"Freeman, Miller and Ross",414-37-9765,"9511 Richard Circle Suite 575
Marshberg, KS 23362","(Decimal('40.7148655'), Decimal('-124.681840'))",O-,"['https://ortiz.com/', 'https://zhang.com/', 'http://trujillo.net/']",christine88,Amanda Mcintosh,F,"228 Jackson Greens Apt. 455
Warnermouth, CO 71857",fernandezmichael@hotmail.com,1945-12-13
Building surveyor,White-Moran,350-76-5227,"022 Kelly Greens Apt. 276
Mayochester, NH 37443","(Decimal('-24.0259745'), Decimal('0.592355'))",A-,['https://golden.com/'],vramos,Harold Tucker,M,"919 Travis Path
Lake Kyle, VA 62158",haydensamantha@gmail.com,1953-09-21
Osteopath,"Myers, Day and Perez",733-14-9649,"861 Lawson Lock Apt. 039
Meganton, NY 87956","(Decimal('-85.9968915'), Decimal('-158.600526'))",B+,"['https://owen.biz/', 'https://www.jefferson.com/', 'http://anderson.info/', 'https://www.lopez-harvey.biz/']",nsmith,Mr. Mike Sherman,M,"551 Morris Freeway Suite 959
West Renee, MO 72380",pwelch@yahoo.com,1937-04-04
"Conservator, museum/gallery",Cummings-Casey,093-63-7882,"42202 Henry Locks Suite 224
Danielhaven, NJ 74111","(Decimal('-75.1078675'), Decimal('-45.857618'))",AB-,"['http://friedman.info/', 'https://www.collins-johnson.info/', 'http://yoder-schmidt.com/', 'http://christensen.com/']",gonzalezjames,Doris Vega,F,"79160 Wilson Brook
Lake Cynthia, CO 35819",alicevilla@hotmail.com,2018-11-09
"Administrator, arts","Jones, Calderon and Ferguson",878-01-6663,"48642 Moore Route
New Dorisberg, VT 45986","(Decimal('54.2995245'), Decimal('-53.465740'))",AB-,"['http://green-ward.com/', 'https://miller-mclaughlin.com/', 'http://hendrix-thompson.org/']",jennifer06,Jim Olson,M,"65025 Ryan Underpass
Jamesville, NE 55817",lauren12@yahoo.com,1972-10-14
Learning mentor,Burns LLC,413-63-5382,"7772 Pena Forge Suite 693
Robertsonhaven, UT 86176","(Decimal('47.538152'), Decimal('-85.050714'))",A+,['https://www.parsons.com/'],ojohnson,Shirley Rodriguez,F,"01307 Brown Flat Suite 696
Katherineborough, PA 53538",amandashepherd@yahoo.com,1933-05-22
Warden/ranger,Miller Inc,175-90-1011,"90824 Martin Island
South Danielport, SC 31772","(Decimal('-56.509848'), Decimal('152.994112'))",B+,['http://cook.net/'],tammy81,Mrs. Katherine Kennedy,F,"1556 Alexandria Views Apt. 989
East Donaldberg, NE 59071",jgonzalez@hotmail.com,1911-09-16
Armed forces technical officer,Powers PLC,043-96-6384,"84593 Nathan Shores
South Dustin, IL 64701","(Decimal('-78.8204315'), Decimal('179.819508'))",O+,['https://collins-blankenship.info/'],jamiesmith,Denise French,F,"98534 Fisher Mount Suite 754
Friedmanhaven, AR 52556",martinzachary@gmail.com,1986-05-31
Medical secretary,Fernandez-Stevens,710-34-6731,"250 Antonio Fork
Port Tracieton, PA 96550","(Decimal('29.7026235'), Decimal('141.721751'))",B+,['http://www.boyd.com/'],mcgrathtimothy,Elizabeth Bishop,F,"3638 William Walk Apt. 811
Port Elizabeth, NH 34565",cvargas@yahoo.com,1962-05-31
Advertising copywriter,Bowers Ltd,085-58-2275,"620 Carrie Mountain
Port Steventown, WI 90084","(Decimal('-6.1153295'), Decimal('132.156122'))",AB+,['https://www.garcia.com/'],gabrielle93,Brandon Mejia,M,"7199 Johnson Hills
Smithbury, PA 90085",kevin67@gmail.com,2005-04-20
Newspaper journalist,Alexander-Sims,238-13-8328,"00048 Cheyenne Walks
Leonardfort, MT 40279","(Decimal('-10.281748'), Decimal('169.498795'))",AB-,"['https://nelson.com/', 'https://www.myers.com/']",pgarcia,Lori Walters,F,"4141 Cooper Plains
South Ronald, OR 64262",pmiles@yahoo.com,1925-07-27
"Designer, textile","Ali, Graham and Kennedy",758-43-2221,"2766 Butler Orchard
North Nicoleshire, CA 59999","(Decimal('23.2296775'), Decimal('114.032258'))",AB-,"['http://liu-thompson.com/', 'http://www.james-reilly.net/', 'https://www.chambers.biz/']",kylecaldwell,Samuel Mathis,M,"50819 Melissa Cape
New Jamie, WI 86591",johnnybailey@gmail.com,1918-05-18
"Journalist, broadcasting",Young Group,527-99-9444,"134 Jason Street Apt. 444
West Richard, WV 08235","(Decimal('61.057517'), Decimal('159.962450'))",AB-,['https://valenzuela.net/'],gwarren,Kathy Knight,F,"0348 Whitehead Flat
Molinatown, MO 31762",rserrano@yahoo.com,1980-08-12
Merchant navy officer,Hernandez-Romero,512-46-0668,"PSC 9647, Box 9224
APO AE 52915","(Decimal('18.9953445'), Decimal('100.840710'))",A+,['http://wilson.biz/'],derek81,Benjamin Nichols,M,"270 David Mews Suite 172
Port Amberbury, AR 92911",clinton86@hotmail.com,1925-05-24
Physiological scientist,Becker LLC,047-88-6357,"88087 Hayes Prairie
New Philip, OK 39544","(Decimal('-30.1584535'), Decimal('69.304164'))",B-,"['http://www.cox.net/', 'https://www.turner.com/', 'https://www.francis-walker.biz/']",rachel61,Timothy Fernandez,M,"337 Keller Run Apt. 117
Kimberlyside, WY 98923",ruizcharles@hotmail.com,1986-10-06
"Education officer, environmental",Cherry-Avery,841-89-9049,"0332 Sarah Groves
Kevinhaven, WI 61229","(Decimal('-82.935530'), Decimal('-78.066202'))",O+,"['http://www.bentley-peterson.com/', 'http://www.sweeney.com/']",sjackson,James Tucker,M,"84569 Ashley Summit Suite 593
North Emily, ND 98060",mzimmerman@gmail.com,1917-04-29
"Administrator, Civil Service",Long-Ellis,683-49-0978,"2274 Williams Corners
Royshire, LA 99029","(Decimal('-78.7168495'), Decimal('98.786341'))",A-,"['https://www.manning.info/', 'http://patel.com/', 'http://terry.com/', 'https://harris.com/']",clifford64,Jessica Burns,F,"Unit 8761 Box 5083
DPO AP 04726",wrightrachel@yahoo.com,1922-11-11
Hydrographic surveyor,Buck-Sims,636-66-0497,"965 Smith Grove
Lake Pamela, NC 01078","(Decimal('-23.8862825'), Decimal('-59.525859'))",B+,"['https://chandler.com/', 'http://www.williams.org/']",rogerpatrick,Bradley Jones,M,"65768 Alexandra Trail Suite 888
South Steven, MO 18482",crystal35@yahoo.com,2003-11-01
Film/video editor,Gonzalez LLC,800-32-7154,"989 Foster Avenue Apt. 609
Lake Saraton, IL 50178","(Decimal('18.263821'), Decimal('24.555244'))",B+,"['http://www.strickland.net/', 'https://delgado.com/', 'https://www.davila.com/', 'https://avila.biz/']",wongstephen,Gregory Moreno,M,"9535 Robert Walks Apt. 627
Johnton, HI 03386",watersbrian@gmail.com,1912-10-25
Quarry manager,"Mosley, Lopez and Clements",535-34-9731,"8712 Anthony Forge Apt. 548
New Jeremyshire, WV 84525","(Decimal('56.777961'), Decimal('-55.664343'))",B-,"['https://coleman.com/', 'https://www.johnson.com/', 'http://hester.info/', 'http://hines.com/']",williamramsey,Amy Lee,F,"97322 Lyons Island Apt. 741
North Tracy, NC 26543",brownbrandon@yahoo.com,1956-08-16
"Teacher, secondary school",Castro PLC,473-51-9488,"3958 Jessica Union Apt. 880
Peterport, OK 99382","(Decimal('-32.4845135'), Decimal('119.740696'))",AB+,"['http://www.evans.info/', 'https://pugh-rojas.com/', 'http://stone.com/']",danahughes,John Lopez,M,"7905 Holly Union Suite 536
Floresshire, KS 15179",troyhenderson@hotmail.com,1917-07-25
Insurance account manager,Baker Group,797-91-3401,"966 Norma Gateway
West Lindabury, CO 37853","(Decimal('-24.4716235'), Decimal('-142.808685'))",B+,"['http://www.owens.com/', 'https://mata.com/', 'http://www.phillips.info/']",portertyler,Stephanie Galvan,F,"581 Tanner Pass Apt. 558
North Lisamouth, MT 75630",fsanchez@gmail.com,1939-01-21
Land,Baker Ltd,637-07-4837,"196 Andrea Throughway
East Johnside, SD 74349","(Decimal('-66.022701'), Decimal('24.482289'))",O-,"['http://sandoval-jenkins.biz/', 'http://www.burton-davis.net/', 'http://baker.biz/']",velezjesse,Matthew Cooper,M,"2878 Harper Stream
Lake Nicole, GA 01464",istrickland@hotmail.com,1921-11-26
Bonds trader,"Kim, Johnston and Patterson",270-89-2173,"479 Ortiz Streets
West Eduardomouth, DC 03986","(Decimal('-27.535306'), Decimal('22.729353'))",AB+,"['https://johnson-lee.com/', 'https://wilkinson-farrell.com/', 'https://www.booth.info/']",andersonshawn,Ashlee May,F,"6407 Joseph Circle Apt. 224
Andersonland, ME 05279",diazjonathan@yahoo.com,1984-12-02
Data scientist,Sparks PLC,811-68-1833,"6155 Hubbard Prairie Apt. 717
South Teresa, FL 16282","(Decimal('80.844367'), Decimal('-102.955310'))",A-,"['http://smith.biz/', 'http://richards-boyle.com/', 'https://hooper.com/', 'http://www.manning-morgan.com/']",mckaydaniel,Adam Roth,M,"1869 Gonzalez Wall Suite 009
Jamieberg, PA 15693",fnguyen@hotmail.com,1940-01-23
Financial planner,"Hamilton, Griffin and Robles",805-86-2231,"PSC 1617, Box 2582
APO AP 92215","(Decimal('41.3728835'), Decimal('-21.550053'))",B-,"['http://www.gomez.com/', 'http://torres.com/', 'https://johnson.org/']",torresdustin,John Cox,M,"6216 Smith Throughway Apt. 666
Simonview, VT 67099",brendabyrd@hotmail.com,2020-09-08
"Optician, dispensing","Sherman, Santana and Taylor",307-35-2093,"1959 Brooks Ranch
Payneport, MO 32504","(Decimal('-85.076433'), Decimal('-46.654742'))",A-,"['http://stewart-barnett.com/', 'http://www.cantu-gardner.com/', 'http://www.clark-watts.com/']",dgonzalez,James Wright,M,"495 Browning Locks
Kevinbury, ME 01477",smithalyssa@yahoo.com,1911-06-18
"Engineer, mining","Martin, Jimenez and Edwards",704-33-0439,"13420 Irwin Point
Lake Kevin, ND 29127","(Decimal('5.4576005'), Decimal('-4.974608'))",AB-,"['http://www.allen.com/', 'https://www.hill.org/', 'http://perez.info/']",kristennewman,Robin Carroll,F,"Unit 4821 Box 8010
DPO AA 44280",victoriafry@hotmail.com,1967-05-06
Best boy,Smith and Sons,508-16-9501,"38871 James Landing Suite 148
Lake Ronald, AL 65859","(Decimal('-88.036130'), Decimal('10.688556'))",O+,"['http://www.wilkerson.org/', 'https://www.nichols.net/']",kimberlymcintosh,Ernest Allen,M,"038 Mullen Center Suite 328
West Richardview, TN 47433",dustinpeters@hotmail.com,1965-01-11
Cabin crew,Anderson Group,660-12-6276,"70529 Jimenez Station
North Danielview, OR 94123","(Decimal('0.4724425'), Decimal('104.623628'))",AB+,"['https://conner.com/', 'http://www.martin.com/', 'http://www.gonzalez-poole.org/']",pagebenjamin,Melissa Franklin,F,"85595 Vickie Unions Suite 710
North Shane, IA 05928",william86@gmail.com,1951-01-21
Physiotherapist,Combs Inc,589-54-9461,"393 Barber Plaza Apt. 385
Penaborough, UT 06765","(Decimal('19.4111355'), Decimal('-9.400181'))",A+,['http://www.garcia-myers.com/'],courtneybrown,Jeffrey Bentley,M,"56687 Michele Canyon Apt. 174
New Edward, VA 15220",susancox@gmail.com,1956-12-21
Animator,"Sanchez, Peterson and Cruz",704-44-1929,"579 Orr Unions
Port Aaronburgh, MS 10455","(Decimal('0.883263'), Decimal('72.675681'))",A+,"['http://www.moore.net/', 'https://shields-andersen.info/']",mtorres,Holly Castillo,F,"2905 Pittman Way Suite 040
Port Frank, WI 07046",ashleypalmer@yahoo.com,1909-06-14
"Engineer, manufacturing",Barron Inc,352-04-2785,"USNS Lopez
FPO AP 13335","(Decimal('76.775734'), Decimal('-124.626254'))",A-,"['https://www.kane.org/', 'https://bowman.com/', 'https://reynolds-day.biz/', 'http://www.underwood.com/']",phillipscolton,Kellie Thompson,F,"484 Randall Haven
Jonestown, NJ 84340",collinschristopher@hotmail.com,2018-01-18
"Chemist, analytical",Holloway-Ramirez,231-83-5054,"96931 Daniel Manor Suite 627
West Melissaland, HI 36769","(Decimal('-89.8617495'), Decimal('76.737985'))",AB-,"['http://mcconnell-long.com/', 'https://vincent.org/', 'https://www.stone-klein.info/', 'https://miller.com/']",petersontyler,Laura Bell,F,"55842 April Roads Apt. 676
Lake Rachel, KY 55724",donaldlawson@yahoo.com,1953-01-27
Barista,Simmons and Sons,737-88-4625,"8133 Lisa Walk Apt. 421
Bellhaven, WI 22069","(Decimal('-1.1810825'), Decimal('-116.779637'))",A+,"['http://www.beltran.org/', 'https://knight-alexander.com/']",connermatthew,Tracy Collier,F,"57669 Kimberly Views Apt. 754
Rebekahmouth, AR 26345",sherylvasquez@hotmail.com,2015-02-19
"Surveyor, building",Todd-Wilson,498-75-2969,"517 Danielle Alley Suite 635
Roblesmouth, AL 30404","(Decimal('84.2481455'), Decimal('36.455381'))",O-,"['http://tucker.biz/', 'http://west.com/', 'http://www.wood.info/']",andersonmartha,Grant Woodward,M,"5995 Kim Mountain Apt. 057
Mcintyrechester, AR 05459",annaguerrero@hotmail.com,1979-06-09
Banker,"James, Hughes and Garcia",426-24-1312,"1164 Chase Cliffs
Gabrielside, DC 98785","(Decimal('48.7842215'), Decimal('118.606587'))",A+,"['http://www.russell-peters.com/', 'http://www.murray.com/']",deborah51,Kimberly Brown,F,"94840 Paula Prairie
South Taylorshire, VT 46203",timothyedwards@yahoo.com,2020-02-04
Armed forces logistics/support/administrative officer,"Lamb, Key and Torres",497-78-2776,"336 Miller Orchard
Port Roberttown, CT 58161","(Decimal('-16.415830'), Decimal('-45.472418'))",A-,"['http://www.stafford.org/', 'http://www.mcguire-hall.biz/', 'http://www.larson.com/']",woodlinda,Daniel Nielsen,M,"USS Miller
FPO AP 23684",jordanjason@gmail.com,2000-11-30
Sports coach,Ward-Frye,452-64-6776,"94310 Martinez Field Suite 687
Payneshire, NE 91137","(Decimal('-29.513655'), Decimal('12.806353'))",AB-,['http://strickland.com/'],thompsonjessica,Kristen Lawrence,F,"6411 Lara Villages
North Kristinaport, IN 82147",paul30@gmail.com,2010-05-12
IT technical support officer,"Tucker, James and Newton",727-04-8562,"1225 Buchanan Village Apt. 466
Martinezport, MD 58785","(Decimal('85.711805'), Decimal('55.559237'))",B+,['http://www.coleman.com/'],elliottjeff,Jennifer Livingston,F,"USNV Chen
FPO AP 87847",ylowe@gmail.com,2003-06-07
